prot_tag,prot_id,name,size,seq,description
AAL40840.1,AAL40840.1,"Bacteriophage VSKK, complete genome",411,MFGYDYVSNHCSYLITTCSIYSFRFLTMIYAIVGRPRSGKSYESVVYHIIPAIQSGRKVITNIPLNIPMFEKVFGESAKYLIKVIDAQFTEYGSMNRPFSKVEHYLDDWRDGKNRAPLYVIDEAHMVIPTRLGDPKILEFYSMHGHYGIDIIILTQNLRKIHADIRAMIEMTYYCAKNTAFGSKKTYTKKVRIGDTREDINIEQRTYKEHYFGFYQSHTQSSGAVDEAQAFDITPIWKRWPFWGSLICFIIVILILGYYFQSRKSKTIDAQPLPSEQVEQVPLSVPPQSPSSKPQQTIKTVPVSEPLKDFNLYVSGHAKQIAYKKMSFSREIDTKLTFYHVYISAYQDDQFSFSLNNIDLEKMGYQFEALTECVYRITWGSNSCVITCIDESRFNQQKAETVFDHVPKLGI,AAL40840.1 zot-like protein [Vibrio phage VSKK]
VCYphi_gp08,YP_004934230.1,"Vibrio phage VCY-phi, complete genome",454,MAIFIRTGANGSYKSAHVVYFTIFEALKAGRVVVTNIEGMEPLEVIEQRFDIKFPSTTRLLRIFSRDLKGKELWQYFFCWCPIGALIVIDECQDIYSKNIGFRMEKVFYRPLSDFLPYLPPDFENLFNSRHTPVDITKLLPSEIDDRGVAEYDSEGRIIYPQSFNEGFMRHRKYNWDIHLLSPDWGQIDTAIRACAEECYFHKGRDAYFFTKRKPYIYRHPKNVATLVIPKGKDPNVFTQKIPLEAHLLYKSTSTGKATQSGAINMLFKNPTILGSLILGVGSIGYFIYALSGLVFGSSETVQESSAQTSSVSATQSSTDLSQTSTKNAPSLPSSGDGNQAPNVSVAPANRIDSIKQMLGLYDLQTLYYTGHVTRQTENSFQFFVTLEAKTPEGTYYLDDTFLRANDIAYVHYDDCLLKLTKENITINVTCKPILREAQPNANQPQQVKIGSIF,YP_004934230.1 Zot-like protein [Vibrio phage VCY-phi]
K05K4_52840,ARP21986.1,"Vibrio phage K05K4_VK05K4_2, complete sequence",380,MIYAIAGRPGGGKTYEAVAYHIIPAIKDGRKVITNITLNIDWFVKVFGEDVRELIKIVDGRLTDFGSTSRPFSQIEDYSDEWRNEKGQGPLYVVDEAHMSLPSRGLAAPILEWYSIHRHYGVDIILLTQNIRKVHRDIKDMIEVTYRCTKNTAMGSTSSYTKKVQDGCAGEVVNTSTRFYKSEYFPFYKSHSQSNKQVQEAEAKDIRPFWKRWPVVGTVVLLSLGLVFNIWAWWPEPEQPPDPVKPPQPVQAQLPDGTPTVDTAETKAKKKKKASGFGPLEDYDFYITGYAKQIAYAKRLKYAAELDRDLTFYKIYIDVYDGRDKLFSFDHLDLVKIGYQFEVLSDCVYRVTWEETERIFTCGQREKPSDILQQNMPVHI,ARP21986.1 putative assembly protein [Vibrio phage K05K4_VK05K4_2]
AV950_gp11,YP_004286239.1,"Vibrio phage CTX chromosome I, complete genome",399,MSIFIHHGAPGSYKTSGALWLRLLPAIKSGRHIITNVRGLNLERMAKYLKMDVSDISIEFIDTDHPDGRLTMARFWHWARKDAFLFIDECGRIWPPRLTVTNLKALDTPPDLVAEDRPESFEVAFDMHRHHGWDICLTTPNIAKVHNMIREAAEIGYRHFNRATVGLGAKFTLTTHDAANSGQMDSHALTRQVKKIPSPIFKMYASTTTGKARDTMAGTALWKDRKILFLFGMVFLMFSYSFYGLHDNPIFTGGNDATIESEQSEPQSKATVGNAVGSKAVAPASFGFCIGRLCVQDGFVTVGDERYRLVDNLDIPYRGLWATGHHIYKDTLTVFFETESGSVPTELFASSYRYKVLPLPDFNHFVVFDTFAAQALWVEVKRGLPIKTENDKKGLNSIF,YP_004286239.1 Zot [Vibrio virus CTXphi]
K05K4_52730,ARP21975.1,"Vibrio phage K05K4_VK05K4_1, complete sequence",212,MAVKPMRRLPTTFIPAIKDGRKVITNITLNIDWFVKVFGEDVRELIKIVDGRLTDFGSTSRPFSQIEDYSDEWRNEKGQGPLYVVDEAHMSLPSRGLAAPILEWYSIHRHYGVDIILLTQNIRKVHRDIKDMIEVTYRCTKNTAMGSTSSYTKKVQDGCAGEVVNTSTRFYKSEYFPFYKSHSQSNKQVQEAEAKDIRPFWKRWPVVGTVVL,ARP21975.1 putative assembly protein [Vibrio phage K05K4_VK05K4_1]
BAA33519.1,BAA33519.1,"Vibrio phage Vf12 DNA, complete genome",380,MIYAIAGRPGGGKTYEAVAYHIIPAIKDGRKVITNITLNIDWFVKVFGEDVRELIKIVDGRLTDFGSTTRPFSQIEDYSDEWRNEKGQGPLYVVDEAHMSLPSRGLAAPILEWYSIHRHYGVDIILLTQNIRKVHRDIKDMIEVTYRCTKNTAMGSTSSYTKKVQDGCAGEVVNTSTRFYKSEYFPFYKSHSQSNKQVQEAEAKDIRPFWKRWPVVGTGVLLSLGLVFNIWAWWPESEQPPDPVKPPQPVQAQLPDGTPTVDTAETKAKKKKKASGFGPLEDYDFYITGYAKQIAYAKRLKYAAELDRDLTFYKIYIDVYDGRDKLFSFDHLDLVKIGYQFEVLSDCVYRVTWEETERIFTCGQREKPSDILQQNMPVHI,BAA33519.1 Vpf380 [Vibrio phage Vf12]
BAJ12061.1,BAJ12061.1,"Vibrio phage ND1-fs1 DNA, complete genome",411,MFGYDYVSNHCSYLITTCSIYSFRFLTMIYAIVGRPRSGKSYESVVYHIIPAIQSGRKVITNIPLNIPMFEKVFGESAKYLIKVIDAQFTEYGSMNRPFSKVEHYLDDWRDGKNRAPLYVIDEAHMVIPTRLGDPKILEFYSMHGHYGIDIIILTQNLRKIHADIRAMIEMTYYCAKNTAFGSKKTYTKKVRIGDTREDINIEQRTYKEHYFGFYQSHTQSSGAVDEAQAFDITPIWKRWPFWGSLICFIIVILILGYYFQSRKSKTIDAQPLPSEQVEQVPLSVPPQSPSSKPQQTIKTVPVSEPLKDFNLYVSGHAKQIAYKKMSFSREIDTKLTFYHVYISAYQDDQFSFSLNNIDLEKMGYQFEALTECVYRITWGSNSRVITCIDESRFNQQKAETVFDHVPKLGI,BAJ12061.1 putative assembly protein [Vibrio phage ND1-fs1]
fs1p06,NP_695195.1,"Vibrio phage fs1, complete genome",384,MIYAIVGRPRSGKSYESVVYHIIPAIQSGRKVITNIPLNIPMFEKVFGESAKYLIKVIDAQFTEYGSMNRPFSKVEHYLDDWRDGKNRAPLYVIDEAHMVIPTRLGDPKILEFYSMHGHYGIDIIILTQNLRKIHSDIRAMIEMTYYCAKNTAFGSKKTYTKKVRIGDTREDINIEQRTYKEHYFGFYQSHTQSSGAVDEAQAFDITPIWKRWPFWGSLICFIIVILILGYYFQSRKSKTIDAQPLPAEQVEQVPLSAPPQPSISKPQQTIKTFPVSEPLKDFKLYVSGHAKQIAYKKMSFSREIDTKLTFYHVYISAYQDDQFSFSLNNIDLEKMGYQFEALTECVYRITWGSNSRVITCIYESRFNQQKAETVFDHVPKLGF,NP_695195.1 hypothetical protein fs1p06 [Vibrio virus fs1]
KSF-1phigpORFIX,YP_087078.1,"Vibrio phage KSF-1phi, complete genome",455,MAIFIRTGANGSYKSAYVAYFVILEALKAGRVVVTNMQGFETLDVIEKRFDITFPSTTRLIRIFSRDKNGIELWQHFFCWCPIGALIVIDECQDIFSKNIGFRMEKVFYRPLSDFLPMLPPDYESFFNARYLPADMSKLQACEMDDRGIAEYDETGRIIYPLSFNEGFMRHRHYNWDIHLLSPDWGQIDSAIRACAEECYFHKGRDAYFFARRKPLIYRHPKNVATLVIPKGKDPNVFPQKIPLDAHLLYKSTSTGQANQSGAINMLLKNPTILGSLLLGILSIGYFIYAFSGLVFGSSKTVADTSAQTSNTSVSQSPDSVPQTGGQNAPALSTGGDGHQASSVSPAPSHRIDTIKQMLGLYDLQTLYYTGHTTRQSQTKGFQFFVTLEAKTPEGTYYLDDTFLRANDIAYVHYDDCLLKLTKENITINVTCKPILREAVPDASQPPQVKLGALF,YP_087078.1 Zot-like protein [Vibrio phage KSF1]
YP_004286237.1,YP_004286237.1,"Vibrio phage CTX chromosome I, complete genome",427,MAGSLWLSGHHYRLCVGLIFGLREEGERSPFFMRYFLLFLTLLFLSPSVTASAINCDPNTTTSHQLLFGFGSPIVQSVLFDGCMLDIEKDDYGFVWSCLSNENGDYCKGLYKPRFSQGVSPNWPMCDLSGASAERCIYPYCPEGEECVPLPPSPPSDSPVDGLSSSFKSAFNQVYKNQSEMASTLNHVSGQVSHSQDMVQLNTKFHADRVLESVTAVNNRLGGQMEYLEEIRIDVWDTQREVRKAKDELYSRVAAVSYDVLYSELNVLRAIDELKDSLGGTVVPPNPDQPNPTPPDSSSPNYTGALNTISKKLNTLETISQQLDTMNTALSGRCSNPERCQFPIREAETELETAQQNLKQMINEKITQSALHQFKGSAAVPSFCSYVEAFGYNLCFDFSLFSENLHIIRMIVLAMAYILAAMLILFR,YP_004286237.1 hypothetical protein [Vibrio virus CTXphi]
K05K4_52970,ARP21997.1,"Vibrio phage K05K4_VK05K4_2, complete sequence",126,MFGEDVRELIKIVDGRLTDFGSTSRPFSQIEDYSDEWRNEKGQGPLYVVDEAHMSLPSRGLAAPILEWYSIHRHYGVDIILLTQNIRKVHRDIKDMIEVTLPMHKEHSDGLNQFVIYTLIIKRVYM,ARP21997.1 putative assembly protein [Vibrio phage K05K4_VK05K4_2]
VSKp13,NP_542362.1,"Vibrio phage VSK, complete genome",243,MIESDYIYCAKNTAFGSKKTLYKKVRIGDTREDINIEQRTYKGTLFRFLSISHTQSSGAVDEAQAFDITPIWKRWPFWGSLICFIIVILILGYYFQSRKSKTIDAQPLPSEQVEQVPLSVPPQSPSSKPQQTIKTVPVSEPLKDFNLYVSGHAKQIAYKKMSFSREIDTKLTFYHVYISAYQDDPIFSFSLNNIDLEKMGYQFEALTECVYRITWGSNSRVITCIDESRFNQQKAETVFDHVS,NP_542362.1 VSK tox2 [Vibrio phage VSK]
VfO4K68p7,NP_059547.1,"Vibrio phage VfO4K68, complete genome",461,MATSFRYGHGGSYKSACAVWFDLLPALREGRICITNIHGMQPLEVIEQRLGEKFPDTARLIRISSRNPEGFELWKYFFCWAPIGAFILIDECQQIFSVNAGFKMANIHKRPFTDFEPHLPEGFSELFHSRWLTIDTSSLDNGEIDDCQRTRFDEQGRIIYPENFNNAFMEHRHYNWDIVLLTPDFAQIPKELKGVAELAKQHKGKDGIFFSNRKPRILEHDPTRTVTKPSKDDVVYNLKVPLDVHLLYASTVTGQITKSGLGKNIFLNPKFLAAMALVVLSFGYLVYALIGMVSDSETTTAEGTQLHQTSQQSGVSTSQGQARPGQSGSPGSVMGSSGSGCTGSGCGNESYHDVGTVPAWFPLANSESIYVSAVERWHKATSIHVNVHFEVVTPRGVTYLDDGFLNKLGVKMEYLDDCLVQLSHGASNFYVTCSPYEQYAQRQEQDIELKPVGGLFSGDET,NP_059547.1 Vpf461 [Vibrio phage VfO4K68]
VSKp12,NP_542361.2,"Vibrio phage VSK, complete genome",145,MIYAIVGRPRSGKSYESVVYHIIPAIQSGRKVITNIPLRIPMFEKVFGESAKYLIKVIDAQFTEYGSMNRPFSKVEHYLDDWRDRARIEPLLYVIDEAHMVIPTRLGDPKRLEFYSMHGHYGIDIIILTQNLRKIHADIRATMIR,NP_542361.2 VSK-tox1 [Vibrio phage VSK]
VEJphi_gp08,YP_002925195.1,"Vibrio phage VEJphi, complete genome",411,MLGYDYVSNHYSYLITTCSIYSFRFLTMIYAIVGRPRSGKSYESVVYHIIPAIQSGRKVITNIPLNIPMFEKVFGESAKYLIKVIDAQFTEYGSMNRPFSKVEHYLDDWRDGKNRAPLYVIDEAHMVIPTRLGTPKILEFYSMHGHYGIDIIILTQNLRKIHADIRAMIEMTYYCAKNTAFGSKKTYTKKVRIGDTREDINIEQHTYKEHYFGFYQSHTQSSGAVDEAQAFDITPIWKRWPFWGSLICFIIVILILGYYFQSRKSKTIDAQPLPAEQVEQVPLSAPPQPSISKPQQTIKTVPVSEPLKDFKLYVSGHAKQIAYKKMSFSREIDTKLTFYHVYISAYQDDQFSFSLNNIDLEKMGYQFEALTECVYRITWGSNSRVITCIDESRFNQQKAETVFDHVPKLGI,YP_002925195.1 putative assembly protein [Vibrio phage VEJphi]
VGJphip08,NP_835479.1,"Vibrio phage VGJphi, complete genome",384,MIYAIVGRPRSGKSYESVVYHIIPAVKSGRKVITNIPLNMDMFVKVFGDSVRDLIRIVDAKFNEYGSMNRPFSKVDDYLDDWRDDKNRAPLYVIDEAHMVIPTRLGDQRYLSSIQCTVHYGIDIIILTQNLRKIHADIRAMIEMTYYCAKNTAFGSKKTYTKKVRIGDTREDLHIEQRTYKEHYFGFYQSHTQSAGSVVEAQAFDITPIWKRWPFWGSLVCFIIVILILAYYFQSRKSKHAEDVPPVPEHSQQTPSSDSSISHPPKPLQTIKAAPLSEPLRDFQLYVSGHAKQIAYKKMSFSREIDTRLTFYHVYISAYQDDKFSFSLNNIDLEKMGYQFEALTECVYRITWGSNSRVITCIDESRFNQQKAETVFDHVPKLDI,NP_835479.1 putative assembly protein [Vibrio phage VGJphi]
fs-2_8,NP_047371.1,"Vibrio phage fs2, complete genome",361,MASVYFVTGKLGSGKSLIAVSRIRDALMRGVPVATNLNINLKEMIGRDKRNTRLYRLPDKPTVEDIEILGYAISPYDTSKDGLIVLDECGTWFNSRTWNDKNRQALLDRFLHIRKLGWDVIFIVQNISMVDKQAREGLAEHVVHCKRLDRMQIPYLSTIVWILTLGQLKIPMPKLHIGIVKYGDTINALTVDKWMLWGTDLYSSYDTKQIFQNHYPHGTYSVLPPWYIHGRYTVPYTARNIMRITKILFRKYSRVAMFAVGPAFGAAFWHFTSPEPELIQLVQAQNQMLSSQPDSKLSELLGGFTISRYTALPDAPVTFELSNGAKRLTSYELQSMGFEIEPLSRCEIIIKSGAQNETIHC,NP_047371.1 putative maturation protein [Vibrio phage fs2]
BAA33518.1,BAA33518.1,"Vibrio phage Vf12 DNA, complete genome",104,MEWLVDLFNKLLVFLYQLLISLVNMLKDLFFWAVEQIMAMVNLLLSGVFSLFAPVDMSQYMTSIPPTVAWVMAAVGVPQCLSIILAAITVRLMLQLIPFTRLGS,BAA33518.1 Vpf104 [Vibrio phage Vf12]
K05K4_52830,ARP21985.1,"Vibrio phage K05K4_VK05K4_2, complete sequence",104,MDWLVDLFNKLLVFLYQLLISLVNMLKDLFFWAVEQIMAMVNLLLSGVFSLFAPVDMSQYMTSIPPTVAWVMAAVGVPQCLSIILAAITVRLMLQLIPFTRLGS,ARP21985.1 putative minor coat protein [Vibrio phage K05K4_VK05K4_2]
fs1p05,NP_695194.1,"Vibrio phage fs1, complete genome",104,MDWVIDLFNKLIEFLYRLLITLIDMLKDVFLWLIDGVLSAVNLLLEKALSLIEPMDVSSYLTGIPSGAAWVISAIGIPQCLGMIMSAIIVRILFQLVPFTRLGS,NP_695194.1 hypothetical protein fs1p05 [Vibrio virus fs1]
VEJphi_gp07,YP_002925194.1,"Vibrio phage VEJphi, complete genome",104,MDWVIDLFNKLIEFLYRLLITLIDMLKDVFLWLIDGVLSAVNLLLEKALSLIEPMDVSPYLTGIPSGAAWVISAIGIPQCLGMIMSAIIIRILLQLVPFTRLGS,YP_002925194.1 putative minor capsid protein [Vibrio phage VEJphi]
BAJ12060.1,BAJ12060.1,"Vibrio phage ND1-fs1 DNA, complete genome",104,MDWVIDLFNKLIEFLYRLLITLIDMLKDVFLWLIDGVLSAVNLLLEKALSLIEPMDVSSYLTGIPSGAAWVISAIGIPQCLGMIMSAIIVRILLQLVPFTRLGS,BAJ12060.1 putative minor capsid protein [Vibrio phage ND1-fs1]
VSKp05,NP_542355.1,"Vibrio phage VSK, complete genome",368,MPCNHPHHDTVRPVKVDHLAFTFAYADLRHLDKSNDQDFINLQMPVYHEPKTRTKEQGAVCSTLEQIEHHMEAHRNKVSKMLFHRFDLFMSKIMGFRLSPMRGRGLHGYNDSMVISIMTGQVECGLVGIGGNNDTAFCPNQRHGVHPNTFRPYRTLRSFIGARSGLGITRLVRLDLAVDDYTGNFDAKYAEKCFYEGAFRTAPRGQGPSMVPHKRITGPGALMEEATIVGSRSSAIYWRIYNKKLEQKITDPDLIWYRNEVELKKCDIELLANPAASFAGICPFRPSIECTPPVKFSRNKKAQGLEFMARIAWVRRQCGVALAEVIAMTQGDLGEAFGMLIPHKHRRPDFELLGVPDSYAQLKNTLWS,NP_542355.1 rep-VSK [Vibrio phage VSK]
BAA33520.2,BAA33520.2,"Vibrio phage Vf12 DNA, complete genome",402,MSWCPSPTRPLNNVSIWGCSMTTATNILKSFDEQSVHIDYLCFTFAVKDLRHCHDAVRRLHKHEEYKGFAKSGLLQRHCRAPKFPAPPVFNPTVAQTSDEIDAYNKAFDICYRNYLEDCLRIFTNQVLGLSLSAPRGLGFQFYTESMKLTSPDGEDFCGFVGIGGNNDTVHFQINGTGCKHVFARRPTWSLHDWLTNVLGVQTLARVDLAYDDYDGIFDCEYAYKAWRDDCFRTAERGRGPVLHEDMTIASIGKDGKPIYTKEQYSIGSRTSRIYWRIYNKALEQKLANTGLVWYRSEVELKKWNVDVLLNPAGAYAALNDFAASISTAKKFNTKPVPTKRAALDLLASAHWMRRQYGKILNSLIEFHEGDIETVVGSLVRDGTKFTFPDTYGKLVTHILET,BAA33520.2 Vpf402 [Vibrio phage Vf12]
KSF-1phigpORFXII,YP_087080.1,"Vibrio phage KSF-1phi, complete genome",43,MRRRSTFNTTMCAFLMIFTKSQELRLNVNLKKIEMSFIRQPTH,YP_087080.1 hypothetical protein KSF-1phigpORFXII [Vibrio phage KSF1]
BAJ12068.1,BAJ12068.1,"Vibrio phage ND1-fs1 DNA, complete genome",367,MPCKHPHHDTVRPVKVDHLAFTFAYADLRHLDKSNDQDFINLQMPVYHEPKTRTKEQGAVCSTLEQIEHHMEAHRNKVSKMLFHRFDLFMSKIMGFRLSPMRGRGLHGYNDSMVILDMTGQVECGLVGIGGNNDTVFVQINGTGCTKLFDRIDSKKLHWWLAQVLGITRLVRLDLAVDDYTGNFDAKYAEKCFYEGAFRTAPRGQGPSMVPHKRITENGALMEEATIVGSRSSAIYWRIYNKKLEQKITDPDLIWYRNEVELKKCDIELLANPAASFAGICPFAASIECTPPVKFSRNKKAQGLEFMARIAWVRRQCGVALAEVIAMTQGDLGEAFGMLIPHKHRRPDFELLGVPDSYAQLKNTLWS,BAJ12068.1 RstA protein [Vibrio phage ND1-fs1]
K05K4_52680,ARP21970.1,"Vibrio phage K05K4_VK05K4_1, complete sequence",299,MKNTKAFAKSGLLQRHCRAPKFPAPPVFNPTVAKTSEEIEAYNKAFDICYRNYLEDCLRIFTNQVLGLSLSAPRGLGFQFYTESMKLTSPDGEDFCGFVGIGGNNDTVHFQINGTGCKHVFARRPTWSLHDWLTNVLGVQTLARVDLAYDDYDGIFDCEYAYKAWRDDCFRTAERGRGPVLHEDMTIASIGKDGKPIYTKEQYSIGSRTSRIYWRIYNKALEQKLANTGLVWYRSEVELKKWNVDVLLNPAGAYAALNDFAASISTAKKFNTKPVPTKRAALDLLASAHWMRRQYGKNP,ARP21970.1 DNA replication initiation protein [Vibrio phage K05K4_VK05K4_1]
AV950_gp02,YP_004286230.1,"Vibrio phage CTX chromosome I, complete genome",359,MKKQIFTLDELQLDTNASPFVFVDYLAWSVPYASFRHAHKSDLSSLIWAPLPKPDYRMARTPEQKEKLIELYKQKWNVAMMERLEVFCLHVLGLRMSPWRDKGLYGYENSCHLMSKYSNKHVGFVALGGNRNTCYFQIEGVGCRTVLEHTSLFRLHWWLDLLGCSRLSRIDLAVDDFHGLFGREYAKKAYSDDAFRTARAGRAPNGGERLVSEPNGKIINESFEVGSRESRIYWRIYNKAAQLGLDMHWFRNEVELKDMPIDVLLNIEGYFAGLCAYSASIINSLPVKVVTKKRQVALDIHSRIKWARRQVGKTLFDISKHFGGDLERVFGALISKEIHDDSLNLPDSYMKLIDEIMGD,YP_004286230.1 RstA [Vibrio virus CTXphi]
VCYphi_gp02,YP_004934224.1,"Vibrio phage VCY-phi, complete genome",418,MSRTLIDYVSFSATPELLQRCKDMAKERFIAQMPLNPKTYPTFTYQRDENLKIMHFAKNVASVLGCVEENDFANKDLYFKFLQDTLDRAELEIAYNTSFDECYQLLISNLGIDMLDVLCHGEVESFLELLNQEISYPDNVWTLERRGGYCGYTYSANLLCNGTQAGKVAWGAKNYGFYVSFSGKGCEAVNMVQLHKALKQMVGAKLTRVDIALDDLQGSVSIDEIIERYQDGHFITQGTPPGWGLFMGGSGATADDKRKCGLIPDRGRTFYVGARDNGKVFRAYHKGAQVRSEEYPNWNRFEVQIGNRFRVIPFDVLIDPDPYFAGAYPALASLISEVEPVRIPTTKILLNVTLENAIKHAKTQYGKLINALRLIYGDSQYIVETLTKGLDENDIPDRLNHPVGRAFNYQQSGEYSYG,YP_004934224.1 DNA replication initiation protein [Vibrio phage VCY-phi]
VGJphip01,NP_835472.1,"Vibrio phage VGJphi, complete genome",359,MIRFALSKLTTWLLLSPMRTCATWTKATTKTLSIYRCPFITSQRPEPRNKARCALPWNKSSIIWKRTETKCPRCSFIALICSCPKSWLSLSPMRGRGLHGYNDSMVILDMTGQVECGLVGIGGNNDTVFVQINGTGCTKLFDRIDSKKLHWWLAQVLGITRLVRLDLAVDDYTGNFDAKYAEKCFYEGAFRTAPRGQGPSMVPHKRITENGALMEEATIVGSRSSAIYWRIYNKKLEQKITDPDLIWYRNEVELKKCDIELLANPAASFAGICPFAASIECTPPVKFSRNKKAQGLEFMARIAWVRRQCGVALAEVIAMTQGDLGEAFGMLIPHKHRRPDFELLGVPDSYTQLKNTLWS,NP_835472.1 DNA replication initiation protein [Vibrio phage VGJphi]
VfO4K68p1,NP_059541.1,"Vibrio phage VfO4K68, complete genome",402,MSWCPSPTRPLNNVSTWGCLMTTATNILKSFDEQSVHIDYLCFTFAVKDLRHCHDAVRRLHKHEEYKGFAKSGLLQRHCRAPKFPAPPVFNPTVAQTSDEIDAYNKAFDICYRNYLEDCLRIFTNQVLGLSLSAPRGLGFQFYTESMKLTSPDGEDFCGFVGIGGNNDTVHFQINGTGCKHVFARRPTWSLHDWLTNVLGVQTLARVDLAYDDYDGIFDCEYAYKAWRDDCFRTAERGRGPVLHEDMTIASIGKDGKPIYTKEQYSIGSRTSRIYWRIYNKALEQKLANTGLVWYRSEVELKKWNVDVLLNPAGAYAALNDFAASISTAKKFNTKPVPTKRAALDLLASAHWMRRQYGKILNSLIEFHEGDIETVVGSLVRDGTKFTFPDTYGKLVTHILET,NP_059541.1 Vpf402 [Vibrio phage VfO4K68]
VEJphi_gp01,YP_002925188.1,"Vibrio phage VEJphi, complete genome",361,MIRFALSKLTTWLLLSPMRICATWTKATTKTLSIYRCPFTTSQKLKPRNKARFALPWNKSSIIWKRTKTKCQRCFFIASICSCPKSWLSLSPMRGRGLHGYNDSMVILDMTGQVECGLVGIGGNNDTVFVQINGTGCTKLFDRIDSKNLHWWLAQVLGITRLVRLDLAVDDYTGNFDAKYAEKCFYEGAFRTAPRGQGPSMVPHKRITENGALMEEATIVGSRSSAIYWRIYNKKLEQKITDPDLIWYRNEVELKKCDIELLANPAASFAGICPFAASIECTPPVKFSRNKKAQGLEFMARIAWVRRQCGVALAEVIAMTQGDLGEAFGMLIPHKHRRPDFELLGVPDSYTQLKNTILELR,YP_002925188.1 rolling circle replication protein [Vibrio phage VEJphi]
KSF-1phigpORFI,YP_087070.1,"Vibrio phage KSF-1phi, complete genome",367,MPCKHPHHDTVRPVKVDHLAFTFAYADLRHLDKSNDQDFINLQMPVYHEPKTKTKEQGAVCSTLEQIERHMEAHKNKVSKMLFHRFDLFMSKIMGFRLSPMRGRGLHGYNDSMVILDMTGQVECGLVGIGGNNDTVFVQINGTGCTKLFDRIDSKKLHWWLAQVLGITRLVRLDLAVDDYTGNFDAKYAEKCFYEGAFRTAPRGQGPSMVPHKRITENGALMEEATIVGSRSSAIYWRIYNKKLEQKITDPDLIWYRNEVELKKCDIELLANPAASFAGICPFAASIECTPPVKFSRNKKAQGLEFMARIAWVRRQCGVALAEVIAMTQGDLGEAFGMLIPHKHRRPDFELLGVPDSYTQLKNTLWS,YP_087070.1 putative replication protein [Vibrio phage KSF1]
fs1p13,NP_695202.1,"Vibrio phage fs1, complete genome",208,MACSGFGVTRLVRLDLAVDDYTGNFDAKYAEKCFYEGAFRTAPRGQGPSMVPHKRITENGALMEEATIVGSRSSAIYWRIYNKKLEQKITDPDLIWYRNEVELKKCDIELLANPAASFAGICPFAASIECTPPVKFSRNKKAQGLEFMARIAWVRRQCGVALAEVIAMTQGDLGEAFGMLIPHKHRRPDFELLGVPDSYAQLKNTLWS,NP_695202.1 hypothetical protein fs1p13 [Vibrio virus fs1]
K05K4_52770,ARP21979.1,"Vibrio phage K05K4_VK05K4_2, complete sequence",382,MTTATNILKSFDEQSVHIDYLCFTFAVKDLRHCHDAVRRLHKHEEYKGFAKSGLLQRHCRAPKFPAPPVFNPTVAKTSEEIEAYNKAFDICYRNYLEDCLRIFTNQVLGLSLSAPRGLGFQFYTESMKLTSPDGEDFCGFVGIGGNNDTVHFQINGTGCKHVFARRPTWSLHDWLTNVLGVQTLARVDLAYDDYDGIFDCEYAYKAWRDDCFRTAERGRGPVLHEDMTIASIGKDGKPIYTKEQYSIGSRTSRIYWRIYNKALEQKLANTGLVWYRSEVELKKWNVDVLLNPAGAYAALNDFAASISTAKKFNTKPVPTKRAALDLLASAHWMRRQYGKILNSLIEFHEGDIETVVGSLVRDGTKFTFPDTYGKLVTHILET,ARP21979.1 DNA replication initiation protein [Vibrio phage K05K4_VK05K4_2]
fs1p12,NP_695201.1,"Vibrio phage fs1, complete genome",166,MPCKHPHHDTVRPVKVDHLAFTFAYADLRHLDKSNDQDFINLQMPVYHEPKTKTKEQGAVCSTLEQIEHHMEAHKNKVSKMLFHRFDLFMSKIMGFRLSPMRGRGLHGYNDSMVILDMTGQVECGLVGIGGNNDTVFVQINGTGCTKLFDRIDSKKLHWWLAQVLG,NP_695201.1 hypothetical protein fs1p12 [Vibrio virus fs1]
K05K4_52430,ARP21945.1,"Vibrio phage K05K4_VK05K4_1, complete sequence",340,MKNTKGFAKSGLLQRHCRAPKFPAPPVFNPTVAKTSEEIEAYNKAFDICYRNYLEDCLRIFTNQVLGLSLSAPRGLGFQFYTESMKLTSPDGEDFCGFVGIGGNNDTVHFQINGTGCKHVFARRPTWSLHDWLTNVLGVQTLARVDLAYDDYDGIFDCEYAYKAWRDDCFRTAERGRGPVLHEDMTIASIGKDGKPIYTKEQYSIGSRTSRIYWRIYNKALEQKLANTGLVWYRSEVELKKWNVDVLLNPAGAYAALNDFAASISTAKKFNTKPVPTKRAALDLLASAHWMRRQYGKILNSLIEFHEGDIETVVGSLVRDGTKFTFPDTYGKLVTHILET,ARP21945.1 DNA replication initiation protein [Vibrio phage K05K4_VK05K4_1]
VfO3K6p09,NP_059539.1,"Vibrio phage VfO3K6, complete genome",121,MKYHEMTKNYIFREFECGLTVEEAAKLCLKNVRTVKEWDKGKSIPPECKRLMRMNKGRELSSCEEWENFVMRHDRLELPTGQLVTAQQVLIGVALLELGASNDIKVAHQILKYARALKRFI,NP_059539.1 Vpf121 [Vibrio phage VfO3K6]
K05K4_52860,ARP21988.1,"Vibrio phage K05K4_VK05K4_2, complete sequence",124,MTNFRKMSKNYVFREFECGLSVEEAAKLCFKSVRMVKLWDSGKPIPPECKRLMRMTKGRELATSEAWENFKMHKDTLELPTGQLVTPQEILTGIALLEIQSPSDTGTLTKLMKYARCIAGIKNK,ARP21988.1 regulator [Vibrio phage K05K4_VK05K4_2]
VGJphip10,NP_835481.1,"Vibrio phage VGJphi, complete genome",136,MLIKLPLLGVLSMNRSEMTKNFVFREFECGLSVEEAAKLCFKTVSEVKQWDAGEKIPPICKRLMRWHSRKELYYGDEWWGFRMEGGRLIFPTGDRVAPQQLLAAIAILQIQAPDDAMTRSKLLKYARAMARIKGIK,NP_835481.1 putative transcription regulator [Vibrio phage VGJphi]
VSKp01,NP_542351.1,"Vibrio phage VSK, complete genome",78,MLIKLPLLGVLSMNRSEMTKNFVFREFECGLSVEEAAKLCFKTESEVKQWHAGEKIPPICKRLMRGTQKRAETGDVGI,NP_542351.1 repressor 1 [Vibrio phage VSK]
VEJphi_gp09,YP_002925196.1,"Vibrio phage VEJphi, complete genome",136,MLIKLPILGVLSMNRSEMTKNFVFREFECGLSVEEAAKLCFKTVNEVKQWDAGEKIPPICKRLMRWHSRKELYYGDEWWGFRMEGGRLIFPTGDRVAPQQLLAAIAILQIQAPDDAMTRSKLLKYARAMARIKGIK,YP_002925196.1 putative regulator protein [Vibrio phage VEJphi]
VCYphi_gp10,YP_004934232.1,"Vibrio phage VCY-phi, complete genome",123,MNRKEMTKNFVFREFVCGLSVEEAAKLCFKTVSEVKRWDEGEKIPPICKRLMRWHSRKELYYGDEWWGFRMEGGRLILPTGDRVAPQQILFAIAVMQIQAPSDDLARSKLLKYARAMVRIKGL,YP_004934232.1 hypothetical protein VCYphi_gp10 [Vibrio phage VCY-phi]
K05K4_52640,ARP21966.1,"Vibrio phage K05K4_VK05K4_1, complete sequence",118,MSKNYVFREFECGLSVEEAAKLCFKSVRMVKLWDSGKPIPPECKRLMRMTKGRELATSEAWENFKMHKDTLELPTRQLVTPQEILTGIALLEIQSPSDTGTLTKLMKYARCIAGIKNK,ARP21966.1 regulator [Vibrio phage K05K4_VK05K4_1]
M692_gp11,YP_008130283.1,"Vibrio phage VFJ, complete genome",135,MLIKLPILGVFIMNRSEMTKNFVFREFECGLSVEEAAKLCFKSVTEVKQWDKGEKIPPECKRLMRWHRRRELYHGDEWEGFRMEGGRLIFPTGDRVAPQQLLTAIAILQIEAPSDAMTRSKLVKYARAMARIKGL,YP_008130283.1 putative transcription regulator [Vibrio phage VFJ]
K05K4_52990,ARP21999.1,"Vibrio phage K05K4_VK05K4_2, complete sequence",61,MYQSELLDAYKKAKNYVQDKQIAHDLNVNASRISEMRKGRRYISDSEAVFLAENSGIDPER,ARP21999.1 putative regulator protein [Vibrio phage K05K4_VK05K4_2]
K05K4_52740,ARP21976.1,"Vibrio phage K05K4_VK05K4_1, complete sequence",87,MYQSELLDAYKKAKNYVQDKQIAHDLNVNASRISEMRKGRRYISDSEAVFLAENSGIDPEIALLGCHADRNENPHIKGMWENIAKKV,ARP21976.1 putative regulator protein [Vibrio phage K05K4_VK05K4_1]
VSKp02,NP_542352.1,"Vibrio phage VSK, complete genome",152,MQKTVRTLQKAKTRSKTSKLHTTRTCRPQKISKMRTGVRGYISDEEAIFLAESAGIDPEIALLGCHADRNENPRTKAIWESIAKKQNGLGLRTISMLCGDLAVSISQFNEAVSYFAVCRLMVKVAINNAYKTSAFGSFINESKRNDKEFCFS,NP_542352.1 repressor 2 [Vibrio phage VSK]
VCYphi_gp11,YP_004934233.1,"Vibrio phage VCY-phi, complete genome",154,MYQSELLDAYKKAQNYVQDKQIAMDLNQPKQRISEFRKGKRYLSEEQAIFLAENAGIDPEIALIGLHADRNENPRIKALWESIAKKQNGLGLRTISMLCGGLAVSMSQVNELLPQYILCVVMVKVAVISIGYKTPDFGSFNNESKRNDKKLCFS,YP_004934233.1 hypothetical protein VCYphi_gp11 [Vibrio phage VCY-phi]
K05K4_52650,ARP21967.1,"Vibrio phage K05K4_VK05K4_1, complete sequence",147,MYQSELLDAYKKAKNYVQDKQIAHDLNVNASRISEMRKGRRYISDSEAVFLAENSGIDPEIALLGCHADRNENPHIKGMWENIAKKFNGLGLSSISMVCGMFALWLGDLKVAIAKCALCDVMLNNVSYQLHIHPFDYQGIYDELSKK,ARP21967.1 regulatory protein [Vibrio phage K05K4_VK05K4_1]
K05K4_52980,ARP21998.1,"Vibrio phage K05K4_VK05K4_2, complete sequence",93,MLGCHADRNENPHIKGMWENIAKKFNGLGLSSISMVCGMFALWLGDLKVAIAKCALCDVMLNNVSYQLHIHPFDYQGIYDELVEPIAVFFVHR,ARP21998.1 regulatory protein [Vibrio phage K05K4_VK05K4_2]
VfO3K6p10,NP_059540.1,"Vibrio phage VfO3K6, complete genome",148,MYTNKLLDAYKDKMNYVQYKQIAHDLGVSPQMITEVRKGRTFLNENQILMLADAVGEDKEKALIGLAMDKAKTHEAQTLWQNIGKKFNGLGLSSISMACAGLALVIASPQEPLYQCALWALMLNAIAYAYPIKCLSFEGQFNEVSRND,NP_059540.1 Vpf148 [Vibrio phage VfO3K6]
K04M1_52460,ARP06767.1,"Vibrio phage K04M1_VK04M1, complete sequence",160,MYQSELLDAYKKAKNYVQDKQIAHDLNVNASRISEMRKGRRYISDSEAVFLAENSGIDPEIALLGCHADRNENPHIKGMWENIAKKFNGLGLSSISMVCGMFALWLGDLKVAIAKCALCDVMLNNVSYQLHIHPFDYQGIYDELSKNEQELRFFVNLSVV,ARP06767.1 regulatory protein [Vibrio phage K04M1_VK04M1]
VEJphi_gp10,YP_002925197.1,"Vibrio phage VEJphi, complete genome",98,MYANELLNAYKKAKNYIQDKQIAHDLNLQPSMISKIRTGIRYVSDEEAIFLAESAGIEPEIALLGIHADRNENPRIKALWESIAKKQNGLGLRTISML,YP_002925197.1 putative regulator protein [Vibrio phage VEJphi]
K05K4_52870,ARP21989.1,"Vibrio phage K05K4_VK05K4_2, complete sequence",111,MYQSELLDAYKKAKNYVQDKQIAHDLNVNASRISEMRKGRRYISDSEAVFLAENSGIDPEIALLGCHADRNENPHIKGMWENIAKKFNGLGLSSISMVFVACLRCGLATLK,ARP21989.1 putative regulator protein [Vibrio phage K05K4_VK05K4_2]
VGJphip11,NP_835482.1,"Vibrio phage VGJphi, complete genome",154,MYANELLDAYKKAKNYVQDKQIAHDLNLSPQKISKMRTGVRYISDEEAIFLAESAGIDPEIALLGCHADRNENPRIKAIWESIAKKQNGLGLRTISMLCGGLAVSISQFNEAVSYFALCRLMVKVAINSNAYKTSAFGSFINESKRNDKEFCFS,NP_835482.1 hypothetical protein VGJphip11 [Vibrio phage VGJphi]
M692_gp12,YP_008130284.1,"Vibrio phage VFJ, complete genome",154,MYQCELLNAYKNAQKYVQDKQIAMDMNIPKQRISDFRKGRRYLTDEQAIFLAESAGIDPEIALLGCHADRNENPRIKAIWESIAKKQNGLGLRTISMFCGGLAVSISQFNELISQCVLGLLMVNVAIKSDAYKTPDFGSFHYESKRNDKKFCFS,YP_008130284.1 regulatory protein [Vibrio phage VFJ]
K05K4_52530,ARP21955.1,"Vibrio phage K05K4_VK05K4_1, complete sequence",154,MYQSELLDAYKKAKNYVQDKQIAHDLNVNASRISEMRKGRRYISDSEAVFLAENSGIDPEIALLGCHADRNENPHIKGMWENIAKKFNGLGLSSISMVCGMFALWLGDLKVAIAKCALCDVMLNNVSYQLHIHPFDYQGIYDELSKNEQELRFS,ARP21955.1 regulatory protein [Vibrio phage K05K4_VK05K4_1]
AAL40842.2,AAL40842.2,"Bacteriophage VSKK, complete genome",109,MANITGIVIKTFPKSGTTIAELNVLRPVETVNVEKFAQYGLGLNTDIPFNKQPLRIEPTYAKRLIETRAFVPNREYDIRFGSNPDDPLEVVAVELIPKDDDLKKYLLKH,AAL40842.2 hypothetical protein [Vibrio phage VSKK]
K05K4_52920,ARP21992.1,"Vibrio phage K05K4_VK05K4_2, complete sequence",117,MAKSVFVLGMDITWNSARGDSAQLNVSRPLREINSEKFKRRTIGESGDVNPQWDQPLMIDHQYALLLERTGALVPRREYQLRLEINPDDPLAGAIVTELIPVDDDIKKHFEASLKAK,ARP21992.1 RstB protein [Vibrio phage K05K4_VK05K4_2]
fs1p14,NP_695203.1,"Vibrio phage fs1, complete genome",112,MANITGIVIKTFPKSGTTIAELNVLRPVETVNVEKFAQYGLGLNTDIPFNKQPLRIEPTYAKRLIETRAFVPNREYDIRFGSNPDDPLEVVAVELIPKDDDLKKYFTETLKK,NP_695203.1 hypothetical protein fs1p14 [Vibrio virus fs1]
M692_gp01,YP_008130273.1,"Vibrio phage VFJ, complete genome",113,MAAPLFVLETTWGLASQLFKAVIMTKHHVLKIQPVYLSSVLSGLKTFEIRKNDRDYSVGDTFVLTTGFVTSPVYQIEYITDFAQQNGYVVFSFRPFREITLLSRKFRAFLEAN,YP_008130273.1 translation regulation protein [Vibrio phage VFJ]
VSKp06,NP_542356.1,"Vibrio phage VSK, complete genome",107,MAKSLVSSSKHSPSRGTTIAELNVLRPVETVNVEKFAQYGLGLNTDIPFNKQPLRIEPTYAKRLIETRAFVPNREYDIRFGSNPDDPLEVVAVELIPKDDDLKKYFT,NP_542356.1 VSK-int [Vibrio phage VSK]
K05K4_52690,ARP21971.1,"Vibrio phage K05K4_VK05K4_1, complete sequence",104,MDITWNSARGDSAQLNVSRPLREINSEKFKRRTIGESGDVNPQWDQPLMIDHQYALLLERTGALVPRREYQLRLEINPDDPLAGAIVTELIPVDDDIKKHLKPR,ARP21971.1 RstB protein [Vibrio phage K05K4_VK05K4_1]
K05K4_52440,ARP21946.1,"Vibrio phage K05K4_VK05K4_1, complete sequence",49,MAKSVFVLGMDITWNSARGDSAQLNVSRPLREINSEKFKRRALSVNPVM,ARP21946.1 hypothetical protein K05K4_52440 [Vibrio phage K05K4_VK05K4_1]
KSF-1phigpORFII,YP_087071.1,"Vibrio phage KSF-1phi, complete genome",88,MANITGIVIKTFPKSGTTIAELNVLRPVETVNVEKFAQYGLGLNTDIPFNKQPLRIEPSYAKRLIETRAFVPNPWNMTFALVATLTTH,YP_087071.1 putative ssDNA binding protein [Vibrio phage KSF1]
BAA33514.1,BAA33514.1,"Vibrio phage Vf12 DNA, complete genome",117,,
VfO4K68p2,NP_059542.1,"Vibrio phage VfO4K68, complete genome",119,MAKSVFVLGMDITWNSARGDSAQLNVSRPLREINSEKFKRRTIGESGDVNPQWDQPLMIDHEYALLLERTGALVPRREYQLRLEINPEDPLAGAIVTELIPVDQEIKKHFEASMKPVQG,NP_059542.1 Vpf119 [Vibrio phage VfO4K68]
AV950_gp08,YP_004286236.1,"Vibrio phage CTX chromosome I, complete genome",82,MFSSLKNKLNTFKSTLSLGVFLLFSAFANQALAAADAGLVTEVTKTLGTSKDTVIALGPLIMGVVGAIVLIVTVIGLIRKAK,YP_004286236.1 Cep [Vibrio virus CTXphi]
K05K4_52750,ARP21977.1,"Vibrio phage K05K4_VK05K4_1, complete sequence",81,MLTEQIKSLIENECALSPRLTGVFFRKHLNQSMYDDDGQLTEFAIQCHHYFNELKRAAEQKAFHARLEQRRLQHETTARIR,ARP21977.1 hypothetical protein K05K4_52750 [Vibrio phage K05K4_VK05K4_1]
K05K4_53000,ARP22000.1,"Vibrio phage K05K4_VK05K4_2, complete sequence",106,MLTEQIKSLIENECALSPRLTGVFFRKHLNQSMYDDDGQLTEFAIQCHHYFNELKRAAEQKAFHARLEQRRLQHEQQQESVKRVNQSVKKSANQSRAQFLALCALN,ARP22000.1 hypothetical protein K05K4_53000 [Vibrio phage K05K4_VK05K4_2]
K04M1_52470,ARP06768.1,"Vibrio phage K04M1_VK04M1, complete sequence",49,MLTEQIKSLIENECALSPRLTGVFFRKHLNQSMYDDDGQLTEHLLRLAA,ARP06768.1 hypothetical protein K04M1_52470 [Vibrio phage K04M1_VK04M1]
K05K4_52760,ARP21978.1,"Vibrio phage K05K4_VK05K4_1, complete sequence",82,MLVLNSVVFNTKQQQESVKRVNQSVKKSANQSRAQFIGSLRFELNQGVLMVRSVSRSMPTPTKWIRRYLKKLGVRRVGKSFV,ARP21978.1 hypothetical protein K05K4_52760 [Vibrio phage K05K4_VK05K4_1]
VCYphi_gp01,YP_004934223.1,"Vibrio phage VCY-phi, complete genome",83,MANMVIRFGDSHWTTVMIKNSPVYYWQESDGYYVCIDGRPDFFNTSTEMYLFAASEGRDVIQVTDENDQALRESGAFNGQGDF,YP_004934223.1 hypothetical protein VCYphi_gp01 [Vibrio phage VCY-phi]
K05K4_52880,ARP21990.1,"Vibrio phage K05K4_VK05K4_2, complete sequence",203,MLTEQIKSLIENECALSPRLTGVFFRKHLNQSMYDDDGQLTEFAIQCHHYFNELKRAAEQKAFHARLEQRRLQHEQQQESVKRVNQSVKKSANQSRAQFIGSLRFELNQGVLMVRSVSRSMPTPTKWIRRYLKKLGVRRVGKSLSNGVLFTGDAVTEILTCLQAKQAKNDTIPFELNISALPILTWFRSPLSLGTPTLEAQYS,ARP21990.1 hypothetical protein K05K4_52880 [Vibrio phage K05K4_VK05K4_2]
K05K4_52660,ARP21968.1,"Vibrio phage K05K4_VK05K4_1, complete sequence",192,MNVRLVLDLLACSFRKHLNQSMYDDDGQLTEFAIQCHHYFNELKRAAEQKAFHARLEQRRLQHEQQQESVKRVNQSVKKSANQSRAQFIGSLRFELNQGVLMVRSVSRSMPTPTKWIRRYLKKLGVRRVGKSLSNGVLFTGDAVTEILTCLQAKQAKNDTIPFELNISALPILTWFRSPLSLGTPTLEAQYS,ARP21968.1 hypothetical protein K05K4_52660 [Vibrio phage K05K4_VK05K4_1]
K05K4_52480,ARP21950.1,"Vibrio phage K05K4_VK05K4_1, complete sequence",251,MNPPDTDSEPDVEEPDTDESTDTAVLKAITGMNKDVNKALNDMNIDINQANADVQNQIIALNASMVTNTQAIQKQQINDNKIYENTKALIQQANADITTAMNKNTNAVNGVGDDVEKIAGAMDGIAEDVSGISDTLDGIANTDTSGAGTGGTCIESQSCTGFYESGYPDGLGGLVSGQLDDLKHNTIDNFVNSFGDLDLSSAKRPSFVLPVPFFGDFSFEEQISFDWVFGFIRAVLIMTSVFAARRIIFGG,ARP21950.1 minor capsid protein [Vibrio phage K05K4_VK05K4_1]
K05K4_52710,ARP21973.1,"Vibrio phage K05K4_VK05K4_1, complete sequence",431,MNTCFLDTGISTHAHFEKTPYSNARYPYQTVCDNGLGLGYYEVRCPENSEFDPSTLRCKSVCEYGKNPDGTCMDACQFKKSIDEIKSLQWLAYVYGEQVTGSCYGDYGATRCELERTPSDSTLCTGVDSGQWTQTPSVMVTFNSQATQCEGGTLFWGKDGPDTPIIPDDPIHDPDDPTGDIEDPSILPDGSTNTVNPPDTDSEPDVEEPDTDESTDTAVLKAITGMNKDVNKALNDMNIDINQANADVQNQIIALNASMVTNTQAIQKQQINDNKIYENTKALIQQANADITTAMNKNTNAVNGVGDDVEKIAGAMDGIAEDVSGISDTLDGIANTDTSGAGTGGTCIESQSCTGFYESGYPDGLGGLVSGQLDDLKHNTIDNFVNSFGDLDLSSAKRPSFVLPVPFFGDFSFEEQISFDLLFGLFVRCSS,ARP21973.1 minor capsid protein [Vibrio phage K05K4_VK05K4_1]
K05K4_52470,ARP21949.1,"Vibrio phage K05K4_VK05K4_1, complete sequence",191,MFLDTGYFDTCTFEKTPYSNARYPYQTVCDNGLGLGYYEVRCPENSEFDPSTLRCKSVCEYGKNPDGTCMDACQFKKSIDEIKSLQWLAYVYGEQVTGSCYGDYGATRCELERTPSDSTLCTGVDSGQWTQNTICHGNFQFTGNQCEGGTLFWGKDGPDTPIIPDDPFMTLTTQQATSKTLAYYLMAQPIR,ARP21949.1 hypothetical protein K05K4_52470 [Vibrio phage K05K4_VK05K4_1]
fs-2_6,NP_047369.1,"Vibrio phage fs2, complete genome",498,MRTVLTLFSTTLLLSISFSSFAYYQLPFWPDKTYLTPEAAAAAYLDILGGGSCKRDTRNFIKASISSINTPHIAYRIDKYLDDQCIVLSSTGNASVTLNVVDNCPDGTSPDLSTGMCKPKPDTPQYCGTSAMFEDVANLYNACYEQNGILSYTCDESTQALDAKCDLTTSDQCVIGRPTWPDCLDKPHQPNDPTNPLPPVGGFNPSPVNPSVPPSPVEKPDVQEPDKTETSDTGVINAIKNLNDDLNKSNTDIHNDMNNIFSTMNDALRQLNSTNTAIGQSIVEQMKQDAQIYDNKKLQQQIAANNINAINSQTKSLLEGNKSITGSITGNTDRLVAAVNASGDGVVSAIDGLADKLKLCDPNTDPFNCEGENGLTPSSVESILKQTSAVVTTSQVDAEEGLLTTLKETIDNNLIEDTQSYLEDMKSDLIGALPNSSQCDVDVLKTPYGDFSIGCEYSARLKSILAFVFYIYTLYTLAEILFTGVTPVAGTVPYFSRR,NP_047369.1 hypothetical protein fs-2_6 [Vibrio phage fs2]
BAJ12059.1,BAJ12059.1,"Vibrio phage ND1-fs1 DNA, complete genome",493,MVMFMRKLFIISLVISLYFTALPAFAAYQLPFDQTKTFPTVQAAAEYYANLLGGTSCKADGNRFKIYRVKSISDPSFVIQQETYLDNKCQVFSSKGDISVTLIVVDDPTTCEASKGQTGKVGWNSYFWGSATPSRYICSSAYGGCVALTGDHLCINIDPEALKNDPSLYDCDALYIVQDTPCSPSGDYPFCTDENCSSFLPEPNPNPNPEPEPEPEPQPDPEHNPSDPTAPLPGSGGEVINPTVPPKPPTEETPKPDVETPDPTPDSNSDVVQSVTGMNEDMNELLTRLNSDNNKQLDDVNNQLLQLNTQSQRIVAQIAKQEKQDAAIYENTKALIQNLNKDVTTAVNKTTNAVNALGSKVDGLSDAVDGLGEDVSAIKDAITNVDTSGAGISGTCIESDTCTGFYESGYPDGISGIFSQHFETVSESVTDTVKDFMKIDLSHAQRPSFSIPVLHFGNFSFDDYINLDWIFGFVRVCMMVSTAFLCRKIIFGG,BAJ12059.1 RstR protein [Vibrio phage ND1-fs1]
AAL40841.1,AAL40841.1,"Bacteriophage VSKK, complete genome",184,MNEDMNELLTRLNSDNNKQLDDVNNQLLQLNTQSQRIVAQIAKQEKQDAAIYENTKALIQNLNKDVTTAVNKTTNAVNALGSKVDGLSDAVDGLGEDVSAIKDAITNVDTSGAGISGTCIESDTCTGFYESGYPDGISGIFSQHFETVSESVHDTVKDFMKIDLSHAQRPSFSIPVLHFGKFQL,AAL40841.1 hypothetical protein [Vibrio phage VSKK]
BAA33517.1,BAA33517.1,"Vibrio phage Vf12 DNA, complete genome",491,MNHYLRFFIALVILCASSHTYALEARIGYMQMRGCGSQGDWVDPYKVNTCFLDTGYFDSCTFEKTPYSDARYPYQTVCDNGLGLAYYEVRCPENSEFDPSTLRCKSVCEYGKNPDGTCMDACQFKKSIDETKLLQWVAYVYGEQVTGACYGDFGATRCELGRVPSDTTLCTDVESGQWTQNTLCHGNFQFTGNQCEGGTLFWGKDGPDTPIIPDDPIHDPDDPTGDIEDPSVLPDGSTNTVNPPDTEKKPDVEDPDTDDSTDMAVLNAIKGLNSDVNKALNDMNIDINQASADVQNQIIALNASMVTNTQAIQKQQINDNKIYENTKALIQQANADITTAVNKNTNAINGVGDDVEKIAGAMDGIAEDVSGISDTLDGIANTDTSGAGTGGTCIESQTCTGFYESAYPDGLGGLVSGQLDSLKHNTIDNFVSSFGDLDLSSAKRPSFVLPVPFFGDFSFEEQISFDWVFGFIRAVLIMTSVFAARRIIFGG,BAA33517.1 Vpf491 [Vibrio phage Vf12]
VfO4K68p5,NP_059545.1,"Vibrio phage VfO4K68, complete genome",504,MNKSLFLLLFSCLFLSLNASAAQPTYKVSDVSAYPDCKLLLGLRVNPASYVSCYENKFVNYKDFSTKSCYLRHGKYVVDIMCHTTSPSWPLYRAAGFLQNSAQCPPDYEKVEDEYVVSCEPIVPACEYGENPDGSCMDACQFKQSIGDTVKLYWHPAIYGELVTGACYGDYGATRCEVTKNESTIICTGVPDGQYTPDSQCSLRFAYTGRQCDGGTLFWGVNGPDEPIIPPDTPEDPTHDPDDPTDEIEDPTVLPDDSTNTVNPGVVDDKPDVEDPDTDESTDTAVLSAIKGLNVDVNKGIHDLNVDINQSHADITNAVIDVKGSLVDNTQAIQEQQINDNKIYNNTKALIQQANGDITTAVNNNTNATIGIRDDLKGLGDSVGELDSSLNAIEGLLTGSEFGTPTGTAITGEIFTAEDFANLQTTIDEKAESIQGYVDDIKGLITIGTNFNNGTLSDKSFNIKGATVESGLQRFDAVSGYVRPVVLFICALIALWVLFGNRSK,NP_059545.1 Vpf504 [Vibrio phage VfO4K68]
fs1p03,NP_695192.1,"Vibrio phage fs1, complete genome",257,MVMFMRKFFIISLVISLYFTVLPAFAAYQLPFDQTKTFPTVQAAAEYYANLLGGTSCKADGNRFKIYRVKSISDPSFVIQQETYLDNKCQVFSSKGDISVTLIVVDDPTTCEASKGQTGKVGWNSYFWGSATPSRYICSSAYGGCVALTGDHLCINIDPEALKNDPSLYDCDALYIVQDTPCSPSGDYPFCTDENCSSFLPEPNPNPNPDPEPEPEPQPDPEHNPSDLRPRFLILAVKSLIPLCHLNHRLRKSLSLM,NP_695192.1 hypothetical protein fs1p03 [Vibrio virus fs1]
fs1p04,NP_695193.1,"Vibrio phage fs1, complete genome",193,MPPKPPTEEKPKPDVETPDPTPDSNSDVVQSVTGMNEDMNELLTRLNSDNNKQLDDVNNQLLQLNTQSQRIVAQIAKQEKQDAAIYENTKALIQNLNKDLTTAVNKTTNAVNALGSKVDGLSDAVDGLGEDVSAIKDAITNVDTSGAGISGTCIESDTCTGFYESGYPDGIQAYFHSILKSSLKVLLIPSKTL,NP_695193.1 hypothetical protein fs1p04 [Vibrio virus fs1]
VEJphi_gp06,YP_002925193.1,"Vibrio phage VEJphi, complete genome",493,MVMFMRKFFIISLVISLYFTVLPAFAAYQLPFDQTKTFPTVQAAAEYYANLLGGTSCKADGNRFKIYRVKSISDPSFVIQQETYLDNKCQVFSSKGDISVTLIVVDDPTTCEASKGQTGKVGWNSYFWGSATPSRYICSSANGGCVALTGDHLCINIDPEALKNDPSLYDCDALYIVQDTPCSPSGDYPFCTDENCSSFLPEPNPNPNPEPEPEPEPQPDPEHNPSDPTAPLPDSGGEVINPSVPPKPPTEEKPKPDVETPDPTPDSNSDVVQSVTGMNEDMNELLTRLNSDNNKQLDDVNNQLLQLNTQSQRIVAQIAKQEKQDAAIYENTKALIQNLNKDVTTAVNKTTNAVNALGSKVDGLSDAVDGLGEDVSAIKDAITNVDTSGAGISGTCIESDTCTGFYESGYPDGISGIFTEHFDTVSKSVTDTVKDFMKIDLSHAQRPSFSIPVLHFGNFSFDDYINLDWIFGFVRVCMMVSTAFLCRKIIFGG,YP_002925193.1 minor capsid protein [Vibrio phage VEJphi]
VGJphip06,NP_835477.1,"Vibrio phage VGJphi, complete genome",493,MVMFMRKFFIISLVISLYFTVLPAFAAYQLPFDQTKTFSTVQAAAEYYVNLLGGTSCKADGNRFKIYRVKSIGDPSFVIQQETYLDNKCQVFSSKGDISVTLIVVDDPTTCEASKGQTGKVGWNSYFWGSATPSRYICSSAYGGCVALTGDHLCINIDPEALKNDPSLYDCDALYIVQDTPCSPSGDYPFCTDENCSSFLPEPNPNPNPEPEPEPEPQPDPEHNPSDPTAPLPGSGGEVINPTVPPKPPTEETPKPDVETPDPTPDSNSDVVQSVTGMNEDMNELLTRLNSDNNKQLDDVNNQLLQLNTQSQRIVAQIAKQEKQDAAIYENTKALIQNLNKDVTTAVNKTTNAVNALGSKVDGLSDAVDGLGEDVSAIKDVITNVDTSGAGISGTCIESDTCTGFYESGYPDGISGIFSQHFEIVSESVTDTVKDFMKIDLSHAQRPSFSIPVLHFGNFSFDDYINLDWIFGFVRVCMMVSTAFLCRKIIFGG,NP_835477.1 putative adsorption protein [Vibrio phage VGJphi]
VSKp09,NP_542358.2,"Vibrio phage VSK, complete genome",208,MSGFIAALNSDNKGANAPFFMVMFMRKLFIISLVISLYFTALPEFAAYQLPFDQTKTFPTVQAAAEYYANLLGGTSCKADGNRFKIYRVKSISDPSFVIFQQETYLDNKCQVFSSKGDISVTLIVVDDPTTPCEASKGQTGKVGWNSYFWGSATPSRDICSSALMGGCVALTGDHLCVNIDPEHKIDPSLYECEALYIVQDTPWSPSE,NP_542358.2 memb2 [Vibrio phage VSK]
M692_gp07,YP_008130279.1,"Vibrio phage VFJ, complete genome",499,MRTFLTLFSTTLLLSISFSSFAYYQLPFWPDKTYLNPEAAAAAYLDILGGGSCKRDTRNFIKASISSINTPHIAYRIDKYLDDQCIVFSSTGNTSVTLNVVDNCPDGTSPDLSTGMCKPKPDTPQYCGTSAMFEDVANLYNACYEQNGIFSYTCDESTQALDAKCDLTTSDQCVIGRPTWPDCLDKPHQPNDPTNPLPPVGGFNPSPVNPSVPSSPVEKPDVQEPDKTETSDTGVINAIKNLNDDLNKSNTDIHNDMNKNFSTMNDALRQLNSTNTAIGQSIVEQMKQDAQIYENNKKLQQQIAANNINAINSQTKSLLEGNKSITGSITGNTDRLVAAVNASGDGVVSAIDGLADKLKLCDPNTDPFNCEGENGLTPSSVESILKQTSAVVTTSQVDAEEGFLTTLKETIDNNLIEDTQSYLEDMKSDLIGALPNSSQCDVDVLKTPYGDFSIGCEYSARLKSILAFVFYIYTLYTLAEILFTGVTPVAGTVPYFSRR,YP_008130279.1 receptor-binding protein [Vibrio phage VFJ]
K05K4_52810,ARP21983.1,"Vibrio phage K05K4_VK05K4_2, complete sequence",240,MNHYLRFFIALVILCASSHTYALEARIGHMQMRGCGSQGEWVDPYKVNTCFLDTGYFDTCTFEKTPYSNARYPYQTVCDNGLGLGYYEVRCPENSEFDPSTLRCKSVCEYGKNPDGTCMDACQFKKSIDEIKSLQWLAYVYGEQVTGSCYGDYGATRCELERTPSDSTLCTGVDSGQWTQNTICHGNFQFTGNQCEGVHSSGVKMALTPLLFLMTPFMTLTTQQATSKTLAYYLMAQPIR,ARP21983.1 hypothetical protein K05K4_52810 [Vibrio phage K05K4_VK05K4_2]
K04M1_52410,ARP06762.1,"Vibrio phage K04M1_VK04M1, complete sequence",491,MNHYLRFFIALVILCASSHTYALEARIGHMQMRGCGSQGEWVDPYKVNTCFLDTGYFDTCTFEKTPYSNARYPYQTVCDNGLGLGYYEVRCPENSEFDPSTLRCKSVCEYGKNPDGTCMDACQFKKSIDEIKSLQWLAYVYGEQVTGSCYGDYGATRCELERTPSDSTLCTGVDSGQWTQNTICHGNFQFTGNQCEGGTLFWGKDGPDTPIIPDDPIHDPDDPTGDIEDPSILPDGSTNTVNPPDTDSEPDVEEPDTDESTDTAVLKAITGMNKDVNKALNDMNIDINQANADVQNQIIALNASMVTNTQAIQKQQINDNKIYENTKALIQQANADITTAMNKNTNAVNGVGDDVEKIAGAMDGIAEDVSGISDTLDGIANTDTSGAGTGGTCIESQSCTGFYESGYPDGLGGLVSGQLDDLKHNTIDNFVNSFGDLDLSSAKRPSFVLPVPFFGDFSFEEQISFDWVFGFIRAVLIMTSVFAARRIIFGG,ARP06762.1 minor capsid protein [Vibrio phage K04M1_VK04M1]
VSKp10,NP_542359.1,"Vibrio phage VSK, complete genome",302,MRIALLFFLSRILTLNPEPEPEPEPQPDPRTQSSDPTAPLPGSGGEVINPTVPPKPPTEETPKPDVETPDPTPDSNSDVVQSVTGMNEDMNELLTRLNSDNNKQLDDVNNQLLQLNTQSQRIVAQIAKQEKQDAAIYENTKALIQNLNKDVTTAVNKTTNAVNALGSKVDGLSDAVDGLGEDVSAIKDAITNVGYFWGLVFLALVIESDTCTGFYESGYPDGIQAYFHIILKPSLKVLLIPSKTLMKIDLSHAQRPSFSIPVLHFGNFSFDDYINLDWIFGFVRVCMMVSTAFLCRKIIFGG,NP_542359.1 memb3 [Vibrio phage VSK]
K05K4_52940,ARP21994.1,"Vibrio phage K05K4_VK05K4_2, complete sequence",77,MKRLNALKKFGKQAVATVTVAVLSVPAMAAEGGAADPFSVIDLSGVATKIGAAGLVIVGITMAYKSITLAKRAVNKA,ARP21994.1 putative major coat protein [Vibrio phage K05K4_VK05K4_2]
fs1p01,NP_695190.1,"Vibrio phage fs1, complete genome",44,MADIFGAIDFAGVAALVTAAGVSIIGITMAFKGISLGKRAVNKA,NP_695190.1 hypothetical protein fs1p01 [Vibrio virus fs1]
VGJphip04,NP_835475.1,"Vibrio phage VGJphi, complete genome",44,MADIFGAIDFAGVAALVTAAGVAIIGITMAFKGISLGKRAVNKA,NP_835475.1 putative major capsid protein [Vibrio phage VGJphi]
BAJ12070.1,BAJ12070.1,"Vibrio phage ND1-fs1 DNA, complete genome",82,MQVWPLVLVLWLYLLSVICPPMPSMSAKNSLTFYRSSTMQEIFAAIDFAGIAALVTAAGVAIIGINMAFKGITLGKRAVNKA,BAJ12070.1 putative major coat protein precursor [Vibrio phage ND1-fs1]
BAA33516.1,BAA33516.1,"Vibrio phage Vf12 DNA, complete genome",77,MKRLNALKKFGKQAAATVTVAVLSVPAMAAEGGAADPFSAIDLSGVATKIGAAGLVIVGITMAYKSITLAKRAVNKA,BAA33516.1 Vpf77 [Vibrio phage Vf12]
